Patient ID,Cytogenetics,Ploidy genetic subgroup,Final diagnosis,chr1,chr2,chr3,chr4,chr5,chr6,chr7,chr8,chr9,chr10,chr11,chr12,chr13,chr14,chr15,chr16,chr17,chr18,chr19,chr20,chr21,chr22
28644,Low hypodiploidy,HoTr,HoTr,0.071043435,0.078469142,-0.141242787,-0.140437618,-0.137282111,0.18718718,-0.136980146,0.081389908,-0.135485709,0.076482646,0.076461688,0.067610878,0.147723623,0.07604032,-0.142587528,-0.104803264,-0.112837769,0.191322342,0.1489003,-0.127420545,0.192969121,0.059855416
27537,Near triploidy,HoTr,HoTr,0.032210903,0.02264628,-0.057271607,0.052497439,0.034528479,0.052848306,-0.04691473,0.054969719,0.013935347,0.034830604,0.032452337,-0.024286166,-0.02575082,0.032219706,-0.063723035,-0.056146178,-0.057054847,0.044066975,-0.039095353,-0.049614832,0.044168178,0.075306885
29407,Low hypodiploidy,HoTr,HoTr,0.136871785,0.048769822,-0.108244166,-0.125841975,-0.120486036,0.151792362,-0.1174049,0.029977309,-0.120834548,0.065099455,0.1362506,0.04848511,0.132565863,0.143465027,-0.124094766,-0.108208343,-0.099877737,0.127672151,0.077482779,-0.109766707,0.162453741,0.125730783
27596,Low hypodiploidy,HoTr,HoTr,0.124305576,0.14045842,-0.155630425,-0.148401201,-0.154545054,0.154002279,-0.155448608,0.158948734,-0.162055507,0.130293876,0.127970263,0.126806505,0.142909318,0.132165551,-0.167030402,-0.167840153,-0.174866438,0.149500944,0.109244645,0.143246531,0.145239085,0.160189845
27555,Near triploidy,HoTr,HoTr,0.059644252,0.024183528,-0.009643388,0.039142314,0.032119188,0.076449297,-0.010254875,0.039071746,-0.016419759,0.023340784,0.061787203,0.01928535,-0.013707774,0.022330387,-0.015848677,-0.014762355,-0.020050952,0.033559652,0.022211212,-0.00753362,0.067897081,0.08392987
26659,Near triploidy,HoTr,HoTr,0.055261772,-0.034652553,-0.034430008,-0.02490674,0.022009531,0.062191602,-0.031244204,0.065896817,0.014889427,0.015035303,0.013861944,-0.039219733,-0.024197461,0.009707785,-0.037836988,-0.033499025,-0.034659913,0.066480599,0.050182104,0.012297696,0.067497842,0.042315505
25437,Near triploidy,HoTr,HoTr,0.137383536,0.053244311,-0.184341818,0.061496902,0.050984008,0.174665093,-0.180538177,-0.178990357,-0.177500069,0.048986685,0.046411559,0.166001111,-0.186944947,-0.180265874,-0.177517921,-0.154844798,-0.157438204,0.179909758,0.058001697,0.049087446,0.188070238,0.052622907
27121,Low hypodiploidy,HoTr,HoTr,0.013277117,-0.015947213,-0.00986608,-0.004617749,0.027260553,0.028937487,-0.008916997,0.03252719,0.023064241,0.0194681,0.016882401,-0.023281972,-0.010215931,0.01693398,-0.016915104,-0.018168114,-0.028685812,0.028224953,0.011598836,0.024084218,0.025260613,0.026166474
27392,Low hypodiploidy,HoTr,HoTr,0.143498689,0.152809113,-0.229287997,-0.119652055,-0.239776298,0.168894574,-0.232959472,0.104882002,-0.23714222,0.146257147,0.151320279,0.136629991,-0.232707143,0.120986726,-0.243865013,-0.238258243,-0.243876338,0.094790176,0.138503738,0.15001069,0.170562454,0.174159095
26706,Low hypodiploidy,HoTr,HoTr,0.087503426,0.093190111,-0.183057934,-0.176825032,0.105822131,0.100306492,-0.178617701,0.040183343,0.099103771,0.091109514,0.172285825,-0.186161086,-0.176635176,0.092508063,0.081980702,-0.171662278,-0.174580961,0.10569267,0.064281635,0.074769191,0.110571839,0.059115119
26082,Low hypodiploidy,HoTr,HoTr,0.02211321,0.021881221,-0.071897902,0.028057661,0.022305209,0.020583641,-0.070464671,-0.008811933,-0.071339637,0.095915377,0.058226068,0.018373797,0.025036157,0.020907245,0.012954246,-0.061685944,-0.007825447,-0.049909603,0.01930583,-0.062246598,0.021950074,0.013265505
28430,Low hypodiploidy,HoTr,HoTr,0.125375673,-0.089687396,-0.091793515,-0.085786387,-0.089433603,0.133315787,-0.088811204,0.139332607,-0.089298308,0.128865182,0.124931507,0.124299143,-0.087927252,0.126573563,-0.093413271,-0.086629748,-0.091055229,0.138865992,0.102817573,-0.086523086,0.140904941,0.099132836
27069,Low hypodiploidy,HoTr,HoTr,0.153439224,0.164868005,-0.105741352,-0.100006256,-0.102771364,0.166214146,-0.103294343,-0.102356993,-0.103307001,0.157272466,0.156041011,0.13266807,-0.104690943,0.053741742,-0.112105574,-0.099095583,-0.103229199,-0.106136255,0.126067817,-0.100196801,0.177054055,0.120658726
28486,Low hypodiploidy,HoTr,HoTr,0.085902464,0.007938778,-0.112090949,0.019614326,0.008897603,0.145585842,-0.111668624,0.055271959,-0.038980883,0.088729575,0.072944269,4.92E-05,-0.110987656,0.001790806,-0.112010017,-0.052088168,-0.101505727,0.00781107,0.010356721,0.002084286,0.163554467,0.073361926
25434,Low hypodiploidy,HoTr,HoTr,0.067153282,0.070110366,-0.105977543,0.055956822,0.0671914,0.014172265,-0.164138101,0.039764626,-0.009640247,0.06937106,0.067642376,0.042064002,-0.178524256,0.065892048,-0.149668872,-0.138268694,-0.135842681,0.056049813,-0.123042159,0.066656634,0.069620166,0.05471836
25950,Near triploidy,HoTr,HoTr,0.039438076,-0.108735785,-0.099169791,0.051361259,0.04310881,0.07838615,-0.096186716,0.102047741,-0.105588943,0.204641312,0.130076952,0.036133116,-0.110592142,0.037058869,-0.107399542,-0.091328349,-0.080662958,0.044445924,0.065720059,-0.083415337,0.14295502,-0.030500044
28893,Near triploidy,HoTr,HoTr,0.024560869,-0.006210675,-0.011406838,0.011778903,0.036600033,-0.00783201,-0.005070054,-0.004735386,-0.00591255,0.028970727,-0.007959659,-0.016120345,0.004680939,0.025217151,-0.02174245,0.020655757,0.025326598,0.03521334,0.041453674,0.019319987,0.043120744,-0.009054918
24401,Low hypodiploidy,HoTr,HoTr,0.020114042,-0.03252209,-0.030242981,0.024314601,0.024863794,0.019979136,-0.033270586,0.02604323,0.018984949,0.023482874,0.017988971,-0.035908658,-0.023386562,0.014563954,-0.033087101,-0.026359595,-0.037633495,0.024975229,0.013484119,-0.028246253,0.022467641,0.014835082
29588,Low hypodiploidy,HoTr,HoTr,0.145319864,-0.086976066,-0.091141284,-0.087260697,-0.087133557,0.155568272,-0.080932483,0.158935264,-0.087123878,0.148540169,0.145569123,0.146067582,-0.088423543,0.146707058,-0.087241605,-0.090297505,-0.081481956,0.159934953,0.116330653,-0.08637958,0.162389711,0.114774346
25296,Low hypodiploidy,HoTr,HoTr,0.16411975,-0.05729606,-0.060807981,-0.056167033,-0.056632303,0.17820783,-0.04758089,0.212874718,-0.055345558,0.169251226,-0.048068775,-0.064413361,-0.059617043,0.161854491,-0.056348067,-0.05336155,-0.056316286,0.209658064,0.141702659,-0.05495663,0.191327497,-0.051541664
26624,Low hypodiploidy,HoTr,HoTr,0.087059535,-0.093048245,-0.09589345,-0.050906414,0.051758518,0.125131071,-0.06644674,0.100858748,0.018384476,0.081670143,0.086216178,-0.053684922,-0.0626228,0.078190044,-0.090775248,-0.058155488,-0.095425859,0.095961817,0.046264473,-0.083425164,0.138033934,0.096134357
29434,Near triploidy,HoTr,HoTr,-0.002056893,-0.001029727,-0.002750934,0.003007836,0.00122549,0.003180365,-0.004556443,0.007117934,-0.005264935,0.004717731,0.004947206,-0.00213641,-0.001480748,-0.004711412,-0.014277449,-0.005444731,-0.007961415,0.004658058,0.014345444,-0.00620857,0.014665734,0.006751914
28336,Low hypodiploidy,HoTr,HoTr,0.15702419,0.13274581,-0.09102485,-0.046925217,-0.18569386,0.132875115,-0.184459314,-0.048749451,-0.180929139,0.067634244,0.131610878,0.125572741,0.026375176,-0.062506963,-0.068826247,-0.165701687,-0.018358132,0.129418299,0.097147301,-0.164371565,0.191213146,0.098752826
28890,Near triploidy,HoTr,HoTr,0.050189281,0.020007728,-0.064005427,-0.054173771,-0.059296563,0.122777477,-0.060187921,0.058496248,-0.064721625,0.093607351,0.099659298,0.015063622,-0.036356218,0.098925296,-0.068475977,-0.059237737,-0.057477478,0.006687838,0.087633684,-0.062932648,0.109642547,0.073819995
26076,Low hypodiploidy,HoTr,HoTr,0.082332637,-0.086458243,-0.089000821,-0.084547255,0.09518031,0.087093435,-0.083049774,0.093065593,0.086043391,0.082510728,0.084080942,-0.091368306,-0.081780504,0.079855338,-0.090325214,-0.082712747,-0.084484257,0.097414609,0.069123022,0.074310984,0.094790068,0.064046383
27400,Near triploidy,HoTr,HoTr,0.092622608,-0.020360851,-0.023169964,-0.009295136,-0.015405064,0.001191207,-0.028586931,0.087025128,-0.159925312,-0.008753993,-0.04787528,-0.028713534,-0.01128467,-0.021718711,0.044674769,-0.026098102,-0.001300659,0.00640904,0.014616835,0.065109178,0.093619999,0.048476828
28056,Near triploidy,HoTr,HoTr,0.012024899,0.005738793,-0.030136867,0.024706058,-0.003444956,-0.002258236,-0.024947454,0.01756635,-0.013248961,0.015207984,0.013957521,0.00823989,0.016619238,0.00927405,-0.034001876,-0.021107387,-0.024501273,0.002601686,-0.008290734,-0.022098114,0.025459279,0.018795938
25614,Near triploidy,HoTr,HoTr,0.091142144,0.05613411,-0.09270595,-0.030561606,-0.09787599,0.152727231,-0.099411488,-0.075337566,-0.109350406,0.146598488,0.094803773,0.143820889,-0.090762734,0.139991269,-0.070153844,-0.091642812,-0.058559213,0.07988216,0.039849315,-0.094394766,0.171501219,0.11676012
28508,Low hypodiploidy,HoTr,HoTr,0.041303746,-0.046731181,-0.049482785,-0.052043755,0.051664181,0.044625498,-0.043561451,0.05204493,0.026675616,0.045673817,0.045780225,-0.052428709,-0.041264243,0.020583045,-0.055144854,-0.041559743,-0.046041029,0.052462079,0.038192436,0.038181949,0.057428375,0.035049262
27873,Near triploidy,HoTr,HoTr,0.141453743,0.100552112,-0.116772354,-0.11280109,-0.119714253,0.164733656,-0.125949994,0.016523673,-0.13127961,0.150907084,0.095977608,0.145525426,0.048199564,-0.035711411,-0.115396943,-0.115326587,-0.121354785,0.053015474,0.128614053,-0.111369945,0.177298754,0.044607732
28885,Near triploidy,HoTr,HoTr,0.106056869,0.039623529,-0.126297906,0.165245771,0.050049562,0.047761343,-0.126020491,0.082119606,-0.123060048,0.026905215,-0.040253324,-0.13130258,-0.052699797,0.045389805,0.044744648,0.016936021,-0.066102259,0.050389959,-0.015544546,-0.10347259,0.168305628,0.054553643
26902,Low hypodiploidy,HoTr,HoTr,0.102988631,0.089844681,-0.086116895,-0.166628703,-0.165236577,0.112624593,-0.163897045,0.113654725,-0.160205089,0.108318087,0.10739762,0.103697281,-0.116435707,0.107397892,-0.167229041,-0.146743305,-0.154543392,0.118813075,0.104004838,-0.152048275,0.124765009,0.091369197
28195,High hyperdiploidy,HeH,HeH,-0.02477237,-0.065428637,-0.070249274,0.137071818,0.065275729,0.124776386,-0.054456411,-0.062511787,-0.060679048,0.235526398,0.127922244,-0.09501905,-0.071504511,0.121996075,-0.067421753,-0.041177763,-0.042475784,0.243128881,-0.019630726,-0.050776925,0.329595625,-0.031085677
27599,High hyperdiploidy,HeH,HeH,-0.036753772,-0.041883085,-0.042614345,0.151925206,-0.04071182,0.13052845,-0.039422099,-0.038444351,-0.040074587,0.13219972,-0.039192265,-0.04737122,-0.04577063,0.128359169,-0.044472329,-0.02939943,0.116368398,0.134906054,-0.020425474,-0.033073215,0.253463238,-0.024367092
28233,High hyperdiploidy,HeH,HeH,0.001606634,0.005440875,0.005484764,0.01574696,0.008085602,0.002341914,0.008939273,0.00809557,0.006482818,0.00590561,0.004530794,-0.002380155,0.011537014,6.45E-04,-0.001755515,0.006071047,0.001839568,0.0068517,0.009896557,0.002162752,0.01416058,0.005042354
24805,High hyperdiploidy,HeH,HeH,-0.002884706,0.003424836,0.002773844,0.004183372,0.004574255,-4.58E-04,9.25E-04,0.007505972,-0.001746765,0.004596927,-0.005633609,-0.005292905,-0.001244384,-0.0040249,0.001148887,0.00268204,-0.015977758,0.006772532,-0.021171132,0.001549835,0.005790918,-0.01285786
25852,High hyperdiploidy,HeH,HeH,-0.018284416,-0.015771851,-0.015833866,0.19411841,-0.013620457,-0.015898971,-0.011368996,-0.010857065,-0.012642848,0.030251786,-0.014613607,-0.018066901,-0.010913414,0.15910013,-0.021179155,-0.010982583,0.018412336,-0.012036657,0.003669849,-0.013849092,0.182790786,-0.012851144
26081,High hyperdiploidy,HeH,HeH,-0.02097673,-0.016444117,-0.017900856,-0.006745342,-0.014736502,0.076492295,-0.012848652,-0.011365319,-0.013592211,-0.01703898,-0.016062469,-0.02080947,-0.011939157,0.073428519,-0.025014222,-0.015805722,0.053333472,-0.007132533,-0.009058968,-0.018162279,0.150389463,-0.02467159
26910,High hyperdiploidy,HoTr,HoTr,0.055777859,0.057842992,-0.069450691,-0.060580146,0.017732972,0.066601075,-0.06556949,0.076432124,-0.086104758,0.061008438,0.066215053,0.059596749,-0.061094552,-0.012553236,-0.068421833,-0.071949884,-0.07984338,0.070877019,0.037186857,-0.071680523,0.157918505,0.093403511
28894,High hyperdiploidy,HeH,HeH,-0.019312049,-0.015194871,-0.016525093,0.172046237,-0.014393423,-0.015877024,-0.012313499,-0.011856432,-0.01311783,-0.015780773,-0.015196577,-0.018993527,-0.01283545,0.144431829,-0.020103565,-0.013575708,0.123105697,0.045891896,-0.003668465,-0.016526556,0.283361018,-0.018062726
27921,High hyperdiploidy,HeH,HeH,-0.009900778,-0.006842365,-0.004867793,0.081450108,-0.005586085,-0.00678085,-0.005258301,-0.005221418,-0.006548112,-0.006957368,-0.007334144,-0.008310151,-0.001387852,0.066399738,-0.009321836,-0.005973148,0.011241809,0.080228459,-0.001415063,-0.007307044,0.128253117,-0.015986434
27478,High hyperdiploidy,HoTr,HoTr,0.085725434,0.104024105,-0.109733485,0.112898879,-0.104995675,0.114754625,-0.103718519,-0.09735753,-0.108623914,0.09459281,-0.04069493,0.088377669,-0.099629849,-0.10514085,-0.11435619,-0.101307712,-0.100668143,0.108298961,0.097074121,-0.107897844,0.223667897,0.144945219
29491,High hyperdiploidy,HoTr,HoTr,0.091338795,0.044612326,-0.080056429,-0.114013903,-0.0337715,0.090020046,-0.059407212,0.041603781,-0.133357793,0.084873587,0.076206282,0.173442394,-0.122802705,0.09102495,0.017966405,-0.122950986,-0.10671071,0.093934007,0.044187227,-0.123970486,0.202236265,0.022441483
4950,Low hypodiploidy,HoTr,HoTr,0.009366482,0.012673903,0.020682313,0.010955309,0.013783743,0.006125576,0.010228194,0.022269395,0.005982033,0.015577015,0.016838693,0.011723804,0.006672059,0.006342988,0.015373969,0.013321369,-0.021293564,0.025004758,-0.015880519,0.017647896,-0.005430059,-0.026160598
1142,Near triploidy,HoTr,HoTr,0.095103428,0.004724321,0.005204239,0.006028051,0.005400564,-0.161944486,-0.163522169,0.109473586,-0.153977007,-6.10E-04,0.006144031,-0.008845188,-0.165238589,0.105526134,-8.23E-04,-0.007519855,0.059494954,0.114229206,-0.03823358,0.008970901,0.112861536,-0.029166127
3071,Near triploidy,HoTr,HoTr,0.153645813,0.062876932,-0.244568706,0.038208226,0.017743092,0.15301466,-0.250372738,0.138867095,-0.241185866,0.159557164,0.030097926,0.071177352,0.009967564,0.040901087,0.046578342,-0.212880157,-0.173459075,0.002608779,-0.187890351,-0.082193367,0.148351014,0.107913092
5954,Near triploidy,HoTr,HoTr,0.051903091,0.052390365,-0.146666631,-0.13588874,-0.162163019,0.164427996,-0.133590765,0.120702922,-0.16708985,0.119690858,0.134498149,0.141797885,-0.1483135,0.151933625,-0.154325865,-0.149990231,-0.172882937,0.147229299,0.12010226,-0.143566728,0.138862237,0.033038057
21894,Low hypodiploidy,HoTr,HoTr,0.075364612,-0.061279476,-0.061263967,-0.055956684,0.089578129,0.084573269,-0.060230397,0.092443705,0.081198305,0.07900444,0.076305516,-0.065431308,-0.063886471,-0.064365439,-0.06636744,-0.065832935,-0.07898305,0.0906519,0.046587873,-0.063698474,0.091321863,0.034511773
22435,Low hypodiploidy,HoTr,HoTr,0.138186447,-0.182384446,-0.182538271,-0.181568906,0.135130271,0.149341494,-0.179204062,0.158914134,0.089775279,0.095324509,0.116539374,-0.186513484,-0.189250655,0.115692236,-0.178651765,-0.166351467,-0.197793707,0.135637417,0.055179447,0.098985538,0.132198945,0.063245364
923,Low hypodiploidy,HoTr,HoTr,0.013594449,0.004553995,0.008272702,-0.012661095,0.003758078,-0.003810465,-0.009125559,0.006666133,-0.013135991,0.004774559,0.016730914,0.004053212,-0.021108908,0.005131478,0.016725857,0.009409048,-0.022176898,0.00799829,0.002233171,0.017051455,-0.017998051,-0.022074213
4949,Low hypodiploidy,HoTr,HoTr,0.120363291,0.023761587,-0.205855489,-0.219962791,-0.205495104,0.1286733,0.010361334,0.134169422,-0.208265148,0.123917963,0.130542785,0.105216943,-0.229771353,0.124789543,-0.199348986,-0.179962188,-0.201014064,0.1380063,0.095752649,-0.181568891,0.133445434,-0.155443996
27044,High hyperdiploidy,HeH,HeH,-0.075857397,-0.075119041,-0.07575959,-0.07698584,0.157116979,0.147926807,-0.073317595,0.159201697,-0.074066561,0.143335514,-0.07353235,-0.078386754,-0.083051018,-0.074800052,0.1245354,-0.063864782,0.107067876,0.158905543,-0.08062911,-0.067649625,0.286462381,-0.002376424
27212,High hyperdiploidy,HeH,HeH,0.011780404,-0.009479622,-0.009971038,3.24E-04,0.023567786,0.093853779,-0.007302551,-0.00420593,-0.009617424,0.071272928,-0.012956586,-0.016440587,-0.007045042,-0.014323419,-0.0150548,-0.015702114,-0.023273465,-0.005529183,-0.014627601,-0.014122976,0.122725263,0.02787344
28983,High hyperdiploidy,HeH,HeH,-0.046648262,-0.047237618,-0.049039183,0.168866605,-0.048364826,0.154640064,-0.050271692,0.158183694,-0.045684088,0.153697968,-0.042871308,-0.05381017,-0.047340348,0.14817898,-0.046502078,-0.035091121,0.135986581,-0.045348998,-0.032444144,-0.030650282,0.283755243,-0.023530168
27214,High hyperdiploidy,HeH,HeH,-0.034296568,-0.053133808,-0.05504261,0.164229773,-0.052199936,0.144279793,-0.051498666,-0.050064912,-0.048424337,0.141251594,-0.047348063,-0.059251131,-0.05371617,0.136872828,-0.05368121,-0.035238873,0.127942853,0.147645637,-0.023719329,-0.039087728,0.271279261,-0.027536266
26690,High hyperdiploidy,HeH,HeH,-0.040836569,-0.089177169,-0.089523278,0.136683255,-0.091541521,0.120610721,0.118491977,0.130180009,-0.087481234,0.119947471,-0.08826264,-0.090875499,-0.089239929,0.235815473,-0.07938692,-0.06841547,0.099254161,0.129372165,-0.06077975,-0.071668267,0.258569241,0.097221494
28472,High hyperdiploidy,HeH,HeH,0.022871263,-0.055313546,-0.059763707,0.160585344,0.044164784,0.132394142,-0.152256876,0.145113051,-0.077648994,0.134321824,-0.038092656,-0.064807698,-0.055309858,0.133512303,-0.062139522,-0.045111118,0.119870357,-0.043458149,-0.04294016,-0.045428783,0.264536664,-0.037760034
27971,High hyperdiploidy,HeH,HeH,-0.065654911,-0.063175179,-0.064762987,0.163603455,-0.064708784,0.100093432,-0.064034551,0.147135183,-0.062922385,0.145629659,-0.058673777,-0.069439869,-0.063102655,0.14079532,-0.06436497,-0.049600851,0.124504216,0.148463137,-0.050164232,-0.052396037,0.275699496,0.123433165
28003,High hyperdiploidy,HeH,HeH,-0.024529355,-0.022681186,-0.023807336,-0.022062885,-0.021267218,0.137678936,-0.023882874,-0.019612728,-0.021176264,-0.019611404,-0.020764468,-0.031337272,-0.027414464,0.134845316,-0.025072791,-0.015635024,-0.026881793,0.146227717,-0.017440839,-0.015664576,0.253249288,-0.013191631
28668,High hyperdiploidy,HeH,HeH,-0.034918871,-0.037496876,-0.038160019,-0.032882478,0.160782188,0.154412501,-0.037192415,-0.031568881,-0.035198115,0.152070016,-0.036375316,-0.045228675,-0.036126513,0.148056284,-0.039954323,-0.026234422,0.127060793,-0.033528551,-0.020378518,-0.375007913,0.351470858,0.127763778
27847,High hyperdiploidy,HeH,HeH,-0.068604171,-0.074099809,-0.037012575,0.066480227,0.061425902,0.058594137,-0.06136341,0.061602304,-0.071595781,0.059305381,0.0582335,0.051667875,-0.075888455,0.08023607,0.039658351,-0.057795286,0.049958779,0.062068937,-0.05083476,-0.057684517,0.149700612,-0.051377844
25654,High hyperdiploidy,HeH,HeH,-0.010861549,-0.029896023,-0.013272431,0.134937696,0.124736518,-0.014319881,-0.011144104,-0.048056928,-0.011928001,-0.006596512,-0.012302645,-0.017900593,-0.017109973,-0.013255457,-0.013186988,-0.002506992,-0.008659906,0.123388551,0.003935226,-0.005717819,0.215452552,-8.15E-04
27058,Near triploidy,HeH,HeH,-0.059674524,-0.029980639,0.048232995,0.043596797,0.046060469,0.044296967,-0.179377325,0.048310496,-0.175577603,0.049065545,0.052401647,0.039479505,-0.194795609,0.171508938,-0.167823426,0.003316911,0.051991947,0.046210479,-0.128438547,-0.150407985,0.271187395,0.05764089
27194,High hyperdiploidy,HeH,HeH,-0.066297404,-0.125300616,-0.129180133,0.096147239,0.084361501,0.080408916,0.083550595,0.08191083,-0.124580484,0.026070401,0.075126119,0.072597984,-0.127781354,0.075050771,-0.12439657,-0.104368217,0.07654814,0.083513297,-0.060143823,-0.10813199,0.21379865,0.08168029
M19/185,High hyperdiploidy,HeH,HeH,-0.00919428,-0.0083673,-0.010236662,0.035032293,-0.005924631,0.025154456,-0.004904611,-0.006514669,-0.007745684,-0.007334671,-0.011779793,-0.013160239,-0.004404063,0.018649723,-0.01839966,-0.012229958,0.0174753,0.021107279,0.007638766,-0.011978714,0.06198648,-0.008274266
M18/3960,High hyperdiploidy,HeH,HeH,-0.007847468,-0.005324421,-0.005225708,0.003686461,-0.00300251,0.028747488,-0.003122066,-0.001008007,-0.004115623,-0.00278264,-0.004915561,-0.012337993,-0.001744507,0.026196679,-0.011629672,-7.24E-04,-0.006456212,-0.002272236,0.00563322,-0.003490726,0.042102536,0.020029038
M18/3777,HoTr by SNP,HoTr,HoTr,0.06219127,-0.145332053,-0.148603208,0.080722548,0.065719709,0.062631171,-0.139833458,0.06890868,0.06566273,0.065629683,0.062404238,-0.147330135,0.072828874,0.061457332,-0.143134549,-0.12048579,-0.122424141,0.06307169,0.08199171,0.05964553,0.076822229,0.067970328
M18/3469,HoTr by SNP,HoTr,HoTr,0.103436075,-0.117893901,-0.12399831,-0.109284468,0.077050518,0.140187323,-0.119540505,0.150895312,0.018387038,0.094274953,0.118113432,-0.118025467,-0.123518623,0.034925681,0.121469393,-0.11702738,-0.129766494,0.11487468,0.059599757,0.098673165,0.135704428,0.05406953
M18/3510,HoTr by SNP,HoTr,HoTr,0.152394921,-0.139821716,-0.137745082,-0.155862167,0.17096296,0.163119823,-0.142912202,0.171127401,0.135243706,0.156965911,0.152723402,-0.14199841,-0.154350415,0.1567294,-0.132706314,-0.12672054,-0.140885785,0.169933349,0.087570593,-0.123931423,0.162531272,0.101019919
M18/3283,HoTr by SNP,HoTr,HoTr,0.058408123,-0.003495601,-0.087484475,-0.088595521,0.062681943,0.06173173,-0.084123105,0.064685687,0.056828367,0.058774624,0.056744915,-0.089108683,-0.086215585,0.057087164,-0.091573738,-0.082016736,-0.081409834,0.066559687,0.0619778,-0.006496891,0.065787718,0.045059759
M18/1850,HoTr by SNP,HoTr,HoTr,0.034900259,0.015282772,0.002089592,-0.00172332,0.028890606,0.016048703,-0.027763124,-9.46E-04,-0.025301523,0.009326912,0.02712101,0.017003661,-0.011053943,-0.01924455,-0.031136196,-0.026623755,-0.034326524,0.033020601,0.01644849,-9.57E-04,0.033004254,-0.001351677
M18/1732,High hyperdiploidy,HeH,HeH,-0.059499322,-0.063397728,-0.066496588,0.150837898,-0.063380063,0.128500491,-0.060494166,0.12862353,-0.059834132,0.132725701,-0.057785161,-0.067572419,-0.066675518,0.132921696,-0.062812641,-0.041831488,0.133212939,0.129898697,-0.013948142,-0.049432255,0.257659435,-0.031110942
M18/1246,High hyperdiploidy,HeH,HeH,-0.072560288,-0.115220211,0.091165639,-0.108028084,0.092696652,0.088882729,-0.109606352,0.095635314,0.025556089,0.087886341,0.084858455,-0.114234567,-0.109452255,0.083204553,-0.110121593,0.080158371,0.070161488,0.094654344,-0.086502004,-0.09822138,0.215379462,-0.091159031
M18/968,High hyperdiploidy,HeH,HeH,-0.005764732,-0.043722477,-0.044031577,0.161716804,-0.043576673,0.143554188,-0.041144414,-0.042139135,0.063387737,0.139068037,-0.042682605,-0.047126025,-0.040624177,-0.045776263,-0.0444884,-0.030333491,0.078370012,0.145487301,-0.014231825,-0.032385707,0.261488289,-0.021869804
M18/766,High hyperdiploidy,HeH,HeH,-0.020734183,-0.025650859,-0.024228705,-0.019240418,-0.025263654,0.110241801,-0.02520766,-0.020604311,-0.016983423,0.095426328,-0.030217899,-0.031283144,-0.020317158,0.102264788,-0.03087922,-0.025324366,0.07912327,0.213029355,-0.024241591,-0.026186896,0.209367186,0.075387411
M17/2484,High hyperdiploidy,HeH,HeH,-0.033394972,-0.029184809,-0.032379564,-0.020644564,-0.03097645,0.14438992,-0.025912862,-0.030865548,-0.029736264,0.14168752,-0.027231714,-0.027135328,-0.026054265,0.160153374,-0.037376694,-0.023726264,0.115219966,0.253519893,-0.007888176,-0.030771496,0.169457622,-0.01312273
M19/1636,High hyperdiploidy,HeH,HeH,-0.043177065,-0.038862474,-0.04151503,0.174646631,-0.039348748,0.144705147,-0.034067325,-0.036925014,-0.033639014,0.145499513,-0.034005892,-0.043013532,-0.035245426,0.144993387,-0.047010718,-0.029336276,0.130321369,0.151172295,-0.003717063,-0.033382894,0.264220372,-0.032504961
M19/1519,High hyperdiploidy,HeH,HeH,-0.022091946,-0.034304149,-0.036456153,0.050207848,0.036620274,0.033763703,-0.028062562,-0.031506229,-0.030347761,0.032127831,0.030720033,0.017263724,-0.024214967,0.026768705,-0.041489504,-0.031715985,0.028189572,0.03728918,-0.007468477,-0.035494545,0.223711833,-0.028833981
M19/1512,High hyperdiploidy,HeH,HeH,-0.029648032,-0.026870418,-0.028443148,0.152263597,-0.024973592,0.127867356,-0.021543482,-0.026235781,-0.023781059,0.123551149,-0.022961808,-0.028577451,-0.022001578,0.123041049,-0.037474895,-0.021913247,-0.014211063,-0.028107788,0.015247971,-0.027435414,0.303926766,-0.011959849
M19/1483,High hyperdiploidy,HeH,HeH,-0.028026504,-0.027909031,-0.029198252,0.076296583,-0.027444953,0.058868429,-0.024531523,-0.025715319,-0.015243386,0.055474922,-0.02755405,-0.031621516,-0.021501727,0.054571323,-0.036078021,-0.025652675,0.046304706,0.071600027,-0.008682365,-0.03041641,0.072402179,-0.027343689
M19/1212,High hyperdiploidy,HeH,HeH,-0.024403512,-0.020847892,-0.021562755,0.190207183,-0.019332686,-0.014483184,-0.013209026,-0.020028921,-0.018928991,-0.013718296,-0.024494087,-0.015908623,-0.011137395,0.156892732,-0.029730629,-0.015205332,0.175006881,-0.020173611,0.034507688,-0.024761226,0.29489392,-0.002954061
M19/548,High hyperdiploidy,HeH,HeH,-0.050337795,-0.051086448,-0.051090838,0.146444336,-0.051394604,0.109742247,-0.043225069,0.126726136,-0.052271208,0.120344982,-0.049294002,-0.04971176,-0.044645704,0.121130243,-0.055442773,-0.041220624,0.126802102,0.12420547,0.003059907,-0.048542257,0.216846287,-0.032469969
M19/525,High hyperdiploidy,HeH,HeH,-0.018698459,-0.015883272,-0.018681601,0.14334695,-0.016975349,0.049725804,0.002141414,-0.079667717,-0.014049231,-0.005726062,-0.014699931,-0.018458739,-0.011539455,0.119946163,-0.023164645,-0.012862226,-0.009397353,0.121046379,0.005798007,-0.016471793,0.218966141,-0.007498526
M19/526,High hyperdiploidy,HeH,HeH,0.019607013,-0.045848565,-0.049235124,0.121882118,-0.045283115,0.105161771,-0.038464764,-0.042776555,-0.040110748,0.092829987,-0.04078646,-0.046127215,-0.040800732,0.102239817,-0.0493467,-0.030699874,-0.030546516,0.107014246,-0.005499734,-0.039665714,0.20548135,-0.02297907
M18/3111,High hyperdiploidy,HeH,HeH,-0.019657111,-0.037569076,-0.046174973,0.121758498,0.038572066,0.018245654,-0.04718578,0.039176695,-0.058181904,0.035537835,0.028745811,0.033057882,-0.049821384,0.033172229,-0.064308546,0.033324694,0.036053617,0.106305905,-0.02366153,-0.044470288,0.114592563,-0.001639074
26614,,Non-ploidy,Non-ploidy,0.03658011,0.041126676,0.044239428,0.049085174,0.043030832,0.044371523,-0.12662977,0.051508689,-0.003328937,0.045796495,0.043027252,-0.04303431,0.051744707,0.0382591,0.032262949,0.002619107,-0.104254104,0.057573181,-0.000432066,0.045342669,0.04848448,0.036878383
28934,,Non-ploidy,Non-ploidy,-0.002723083,-7.91E-04,-0.002150219,0.007121216,7.78E-04,-0.002970129,0.001073532,0.001858691,4.15E-04,4.85E-04,-0.001217513,-0.008000669,0.003589265,-0.004797952,-0.008598986,0.002744847,-0.003504425,2.51E-05,0.012677466,-0.001029666,0.007151663,0.002389907
27043,,Non-ploidy,Non-ploidy,9.43E-04,-6.80E-04,0.007555487,0.012197831,0.007453701,-0.015669133,0.007116544,0.010230227,-0.060692936,0.005247915,0.004164526,-0.00136977,0.011790709,5.37E-04,-7.61E-04,0.002244331,-0.01043077,0.012598209,-0.010563468,0.004637414,-0.085641153,-0.013234984
27584,,Non-ploidy,Non-ploidy,0.002085522,2.87E-05,0.009140445,0.01432677,0.005695051,0.022600135,-0.001220841,0.015486674,9.04E-04,-0.004629159,-0.002652033,-0.011217146,0.0044302,-0.001659124,3.20E-04,0.003646978,-5.00E-04,0.006979503,-0.009050006,0.011033242,0.003790924,0.025465623
28168,,Non-ploidy,Non-ploidy,0.003362981,-0.003534712,0.008128282,0.021706088,0.011562455,0.004434211,0.010765252,0.035138648,-0.076243639,0.006545062,0.007017668,-0.018801336,0.017772924,0.004935299,0.004314764,0.00953394,-0.002509355,0.013571925,0.007649675,0.003401651,0.012225338,-8.43E-05
27490,,Non-ploidy,Non-ploidy,0.031308809,0.024182694,0.046227571,0.040448505,0.012232969,0.049053565,0.044525996,0.045956016,0.037129972,0.03559839,-0.026634291,0.028276333,0.029958766,0.03201697,-0.07511219,-0.071902774,0.033865362,0.04103006,0.023061295,0.048964381,0.082558829,0.065218322
25548,,Non-ploidy,Non-ploidy,-0.004528661,-0.001077994,-0.001387008,0.009892015,0.001870797,-9.86E-04,0.001881896,0.00921361,-0.00178283,2.54E-04,-0.002794436,-0.006864559,0.00504886,-0.006742473,-0.008210227,-0.001469015,-0.001925782,0.001037673,0.009892191,-0.003122843,0.007896247,-0.001118872
25208,,Non-ploidy,Non-ploidy,0.076515481,0.008045981,0.008133338,0.016645693,0.009946952,0.001867232,0.010850513,0.01241371,-0.318374872,0.008098473,0.004648098,6.65E-04,0.016901853,0.001995404,5.48E-04,0.004983682,-0.001471515,0.012040385,0.00389907,-0.06994262,0.013396652,0.01617747
26611,,Non-ploidy,Non-ploidy,0.017052706,0.018479649,0.02056152,0.025870061,0.022781998,0.019941641,0.017939583,0.024549287,0.016535221,0.026335695,0.020971812,0.017743008,0.028412307,0.016187301,0.016824258,0.01184947,0.002109237,0.02300567,0.003488877,0.019291513,0.016353845,-0.011493204
28149,,Non-ploidy,Non-ploidy,-0.001636869,0.004180063,0.003906546,0.014453359,0.007041388,0.003760357,0.005145435,0.00887242,-0.073299788,0.004679228,0.001428982,-0.044071518,0.010711944,0.001839571,-0.003562421,0.001460694,-0.008469644,0.010274701,-0.003094667,-6.23E-04,0.010538732,-0.006697056
25953,,Non-ploidy,Non-ploidy,0.013075176,0.019857593,0.02368761,0.033063993,0.024751112,0.023723416,-0.391620725,0.032695955,0.021297727,0.02084567,0.018006802,0.014611942,0.02917733,0.013763162,0.017184854,0.021365341,0.002539969,0.029004254,0.004046958,0.025951067,0.021318328,0.018392664
30033,,Non-ploidy,Non-ploidy,-0.005714974,0.008577707,0.014161398,0.019120675,0.012265779,0.010549779,0.011607063,0.010712876,0.002002139,0.001499915,-0.00339528,-0.008312564,1.08E-04,0.001850233,0.008205279,0.002013156,-0.019729951,0.010842328,-0.006731727,0.009951227,0.00341486,0.019590152
27333,,Non-ploidy,Non-ploidy,0.001990324,0.006626365,0.005985516,0.016878406,0.00922543,0.00327935,-0.104654022,0.008298245,-0.077885024,0.005978998,0.001987491,-0.001248666,0.013333163,-3.03E-04,-0.002672677,0.001377124,-0.004498579,0.009246495,4.78E-04,0.001698227,0.010855395,0.014586302
25552,,Non-ploidy,Non-ploidy,0.045518346,0.002665916,0.003245178,0.012904512,0.005926919,-0.001057688,0.003221137,0.008613736,0.001431737,0.00146863,-3.55E-04,-0.006226184,0.00586947,-0.005027763,-0.003678544,0.002018829,-0.008018955,0.004867075,0.002936302,-7.21E-05,0.007633368,-0.006114556
26660,,Non-ploidy,Non-ploidy,-0.0046057,-0.00201404,-0.002230167,0.008563846,9.51E-04,-0.004405793,8.50E-04,0.00228758,-7.74E-04,5.08E-04,-0.002118484,-0.008740858,0.007470794,-0.006768275,-0.007690795,0.004341709,-0.004482994,0.002584485,0.015684534,-8.65E-04,0.007392594,0.004958223
25346,,Non-ploidy,Non-ploidy,0.002689347,0.005109365,0.003170357,0.018701574,0.009365169,0.001864738,0.008965082,0.009081503,0.006468649,0.002300953,0.002264193,-0.002165133,0.012413315,3.83E-04,-0.00367113,0.004672989,2.76E-04,0.008955917,0.013570604,0.003661252,0.013957423,0.006054951
27391,,Non-ploidy,Non-ploidy,0.013666754,0.021668239,0.027220519,0.035347998,0.027818581,0.029344389,0.017240569,0.034860462,0.021837814,0.019910607,0.018650694,0.013654932,0.025876278,0.015913383,0.017155662,0.025740856,0.019237192,0.031458916,0.013377162,0.037861019,0.025903083,0.052673182
25082,,HeH,Ph+_HeH,-0.039734285,0.157179147,-0.042371619,-0.038043991,-0.040659677,0.156050913,-0.039164567,-0.038708089,-0.030701095,-0.036128365,-0.034662779,-0.043921586,-0.038851932,0.148434713,-0.040390469,-0.024760469,-0.026364743,0.16085586,-0.004325179,-0.028840479,0.170078754,9.12E-04
27583,,HeH,Ph+_HeH,-0.063382383,-0.054785956,-0.00353554,0.265400052,-0.046115525,-0.045033697,-0.044906888,-0.040725999,-0.040142708,-0.056509454,-0.055697296,-0.066381041,-0.068290696,0.244130202,-0.048905088,-0.044344403,0.215765104,-0.049855109,-0.031711815,-0.032999251,-0.019304122,0.034995746
27389,,Non-ploidy,Non-ploidy,-0.00734982,-0.006025933,-0.005160256,-6.14E-04,-0.002121706,-0.007022694,-0.003772733,6.75E-04,-0.004048048,-0.001627831,-0.004094914,-0.012544948,-0.004712692,-0.006846878,-0.007001285,0.002202253,-0.009391917,-0.001231674,0.001236357,-0.002376669,0.001086701,-0.004402276
26995,,Non-ploidy,Non-ploidy,0.013103761,0.017508589,0.021842191,0.026201921,0.026297318,0.026096206,0.021102342,0.031659752,0.018950153,0.021966786,0.018197447,0.011583728,0.023925221,0.015630543,0.015394427,0.009203252,-0.001378166,0.025570662,4.13E-04,0.017606091,0.022110488,0.003322435
30035,,Non-ploidy,Non-ploidy,-0.036908124,-0.027048338,-0.013458341,0.278273225,-0.01482648,-0.016041785,-0.016140912,-0.009091398,-0.015953757,-0.03306783,-0.033983886,-0.041174408,-0.043821894,0.263345867,-0.017426959,-0.022114849,-0.024981145,-0.025499106,-0.027374112,-0.016858453,0.263969734,0.043667022
27836,,Non-ploidy,Non-ploidy,0.013555505,0.017846607,0.021104958,0.021619953,0.018874077,0.014320284,-0.244503677,0.020480702,0.020458844,0.015474281,0.010724454,0.012208731,0.023506159,0.00840022,0.01180499,0.00544499,-0.004632227,0.021520833,-0.009509796,0.01191037,0.00672929,0.004779574
29589,,Non-ploidy,Non-ploidy,-0.005844344,0.13216766,-0.002131298,0.00416279,-0.0022821,-0.004530499,-0.001862407,-0.00218467,0.001925268,-0.002229131,-0.007626733,-0.009883488,0.001914126,-0.008775852,-0.008768509,-0.005960993,-0.004673674,-0.001807605,0.001984314,-0.006627631,4.58E-04,0.010481062
27298,,Non-ploidy,Non-ploidy,0.031992732,0.037302043,0.046565294,0.05292711,0.046175219,0.048890088,-0.141424701,0.049682574,-0.012005919,0.031549562,0.03193672,0.028133268,0.039217457,0.034367444,0.037512004,-0.07496652,0.033911102,0.040201783,0.034919126,0.049937379,0.040031618,0.064344399
28196,,Non-ploidy,Non-ploidy,0.001772442,0.004758574,0.004820477,0.010319142,0.00825609,0.001582081,0.010045566,0.011190725,0.004218343,0.005370093,0.002741431,-0.001446529,0.011271758,9.19E-04,-5.20E-04,0.004359945,-0.003253657,0.007398404,0.005727224,0.003131315,0.005129393,3.46E-04
30034,,Non-ploidy,Non-ploidy,-0.006201197,0.002432065,0.014960025,0.020877384,-0.161825731,0.017079437,0.011311205,0.086280026,0.007746936,-0.005335534,-0.00223255,-0.0095691,-0.001767437,3.32E-04,0.00683797,0.013856696,0.007931027,0.007935385,0.00297966,0.017793568,0.005903304,0.045459181
27181,,Non-ploidy,Non-ploidy,0.002594376,0.004328165,0.007287659,0.014271255,0.007357564,0.002397941,0.006627666,0.009931686,0.005273086,0.006136145,0.00340904,-7.20E-04,0.008773468,-2.23E-04,0.00308221,0.006064813,-0.003118434,0.010808698,-2.80E-05,0.004427574,0.007592571,-0.002049318
28011,,Non-ploidy,Non-ploidy,4.17E-04,0.004002168,0.006594112,0.008873743,0.125376239,0.00190198,-0.029258409,0.007249192,-8.06E-04,0.00376818,-0.005319251,-0.00448447,0.006580986,0.001473468,-0.001484496,0.001783863,-0.002709179,0.006978184,-0.004766238,7.15E-04,0.009908687,-0.002410647
25247,,Non-ploidy,Non-ploidy,-0.004566975,-4.56E-04,-0.001969919,0.013432853,6.68E-04,-0.002008639,0.003185775,0.001429708,2.33E-04,0.17215579,-0.005942649,-0.007013527,0.00786157,-0.006374678,-0.008508446,-0.00415467,-0.003547541,-0.002227124,0.005940112,-0.006348467,0.010794055,-0.001405685
25893,,Non-ploidy,Non-ploidy,-0.018365373,-0.015673049,-0.060568828,-0.005374547,-0.009143679,-0.008606493,-0.010835221,-0.003865258,0.096960403,-0.011915848,-0.016189983,-0.020336774,-0.010541963,-0.01883361,-0.018893315,-0.014655424,-0.026343737,-0.006561421,-0.025056996,-0.010717307,-0.010667039,-0.005071573
28182,,Non-ploidy,Non-ploidy,0.054620847,-0.00153969,-0.002796572,0.004488776,-0.096868612,-0.005558795,0.001210233,0.003348795,6.45E-04,-0.001200343,4.80E-04,-0.00880927,0.005466362,-0.00498081,-0.008737769,0.003550738,-0.009422324,9.37E-04,0.006755472,-0.001104737,0.003546735,-0.00272296
26610,,Non-ploidy,Non-ploidy,0.015356147,0.022596875,0.029716209,0.034459312,0.026590891,0.037213963,0.022953607,0.023326459,-0.031658899,0.010893826,0.009038365,0.013523275,0.02707923,0.017555386,0.013437918,-0.001519374,0.004154221,0.021855917,0.00331358,0.006399312,0.02565284,0.020017292
25267,,Non-ploidy,Non-ploidy,9.81E-04,-0.002217164,3.05E-04,0.011307311,0.001268201,-0.002498154,0.003086022,0.003805641,-4.34E-04,-9.34E-04,-0.004977978,-0.0054559,0.003660496,-0.006662927,-0.007987438,0.001465045,-0.002254076,3.32E-04,0.013507947,-0.001336119,0.008959175,0.004903757
27642,,Non-ploidy,Non-ploidy,0.006185872,-0.010439325,0.02070277,0.031797104,0.019225145,0.019514726,0.014679748,0.023891035,0.002189885,-2.53E-05,0.00149548,-0.095238868,0.005860785,0.004189813,0.004668499,0.001227114,0.006150065,0.005899527,-0.007968395,0.021595852,-5.41E-04,0.0254145
27754,,Non-ploidy,Non-ploidy,-0.001165824,-2.23E-04,-0.001369723,0.002256778,0.001210622,-0.005217181,8.59E-04,0.004467371,-2.89E-04,0.001961269,-0.001528107,-0.006840848,6.61E-04,-0.004033623,-0.00181805,0.003040968,-0.006284512,0.002764606,9.53E-05,0.00393266,7.27E-05,-0.004332297
25967,,Non-ploidy,Non-ploidy,0.009573565,0.014879772,0.016514778,0.028399239,0.195061073,-0.261153266,-0.083837494,0.022313086,-0.072723225,0.01454963,0.00924922,0.007628745,0.022905096,0.007759265,0.007202687,0.008849786,-0.050116519,0.020123949,-0.001427495,0.008502745,0.191868976,-0.001339657
26971,,Non-ploidy,Non-ploidy,0.056667203,0.013555474,0.025077058,0.028689813,0.045092259,0.024062948,0.020817776,0.038260585,0.012579171,0.011882138,0.004194828,0.00559567,0.019746255,0.006670153,0.011273163,0.00619686,-8.91E-04,0.023166251,-0.006242149,0.017754646,0.016659257,0.044142293
28670,,Non-ploidy,Non-ploidy,-0.005977768,0.016344098,-0.00642287,0.026435483,0.013613746,0.016203374,0.021155928,0.019292343,-0.081051838,-0.002049994,-0.096027523,-0.010680133,0.00345199,-0.010952129,-0.010181789,0.012940966,-0.006735058,-0.037308142,0.0051364,0.012549958,0.042657243,0.0130996
27026,,HeH,Ph+_HeH,0.08158917,-0.027863561,-0.025611218,-0.023616679,0.095531046,-0.003635774,-0.027470298,-0.036190592,-0.045861304,-0.02676294,0.03692865,0.079408612,-0.022596465,-0.032125987,-0.033862565,-0.034761604,-0.018426007,-0.021549636,0.038742842,-0.029660068,0.091347367,0.058311848
28057,,Non-ploidy,Non-ploidy,-0.004415459,-0.002205167,-0.002302623,0.006133851,6.47E-04,-0.002882601,0.001151314,0.003551325,0.001756143,-4.07E-05,-0.003225419,-0.00789511,0.004837816,-0.002813611,-0.008376299,0.001060537,-0.005139199,0.001308644,0.008291996,-8.91E-04,0.003154631,0.004107571
29908,,Non-ploidy,Non-ploidy,-0.003404991,-0.0019534,-6.54E-04,0.004526379,0.002518042,-0.006552595,0.001053432,0.001120743,0.001403982,-0.002803443,1.73E-05,-0.008324508,0.0018806,-0.004332167,-0.003399406,0.00442489,0.005670851,-0.001401273,0.020411558,-0.004758484,-0.001454807,0.007929761
27752,,Non-ploidy,Non-ploidy,-0.007766916,0.002055346,0.01174142,0.015003474,0.01402854,0.001591196,0.009255968,0.01900968,9.12E-04,-4.27E-04,8.00E-05,-0.014390321,0.001697183,-0.005230884,-0.003315419,-0.00178806,-0.016760312,0.006193496,-0.015834236,0.00347143,-0.002217019,0.031970553
28335,,Non-ploidy,Non-ploidy,0.005195035,0.006636105,0.009563065,0.012946667,0.009580045,0.004539147,0.00831316,0.012078563,-0.032818055,0.009242665,-0.002740863,-0.004697498,0.011613314,0.004078872,0.001895712,0.007113323,-0.002087352,0.010959961,-0.001344302,0.008271602,0.007870269,-0.001581143
25371,,Non-ploidy,Non-ploidy,-0.002718187,1.45E-04,-5.48E-04,0.009599643,0.001708844,-0.001750142,0.001945298,0.001425265,0.001286803,3.67E-04,-0.003252933,-0.00796786,0.00439236,-0.00391378,-0.008580687,1.34E-04,9.50E-04,-2.16E-04,0.008926136,-0.002251415,0.010357149,0.003349443
28350,,Non-ploidy,Non-ploidy,0.004322956,0.009114671,-0.037654964,0.016485451,0.113675535,0.002160259,-0.285923988,0.013913416,-0.033652473,0.007801709,0.008591677,9.35E-04,0.012868582,0.003765855,0.002034503,0.008498345,-0.005340916,0.00986087,0.005121845,0.006986518,0.007302641,-0.001078571
25451,,Non-ploidy,Non-ploidy,0.00161074,0.008856403,0.012121911,0.013054923,0.011849573,0.005460538,0.006278007,0.014919986,0.006510863,0.005971777,0.008636428,2.79E-04,0.010877389,-0.001003183,-0.00318904,0.002029226,-0.010036134,0.014006115,-0.00967243,-0.004461177,0.003711326,-0.007838007
25373,,Non-ploidy,Non-ploidy,0.001663271,0.005956783,0.006452245,0.02236222,0.008034009,0.006010906,0.010758193,0.010526009,-0.042575259,0.005047543,0.004528285,8.24E-04,0.017358272,6.55E-04,-0.001111659,0.004022798,0.003083652,0.008415192,0.011645607,0.001670594,0.015992614,0.008132975
25100,,Non-ploidy,Non-ploidy,-0.003545322,-0.001466979,-0.002724287,0.006906654,-4.22E-05,-0.00159329,0.001489532,9.71E-04,-0.001172736,8.36E-04,-0.002538572,-0.007266356,0.007172704,-0.00559723,-0.007997475,0.001798232,1.27E-04,0.001389295,0.015605787,-0.001229087,0.010794478,0.004003168
27509,,Non-ploidy,Non-ploidy,0.014261971,0.022427738,0.032020792,0.037208073,0.032652218,0.034462538,-0.001500785,0.05515478,-0.00785184,0.019216398,0.019595766,0.012099349,0.025843354,0.016650761,0.0226652,0.026019728,0.01847594,0.02789179,0.020330306,0.036659811,0.023681259,0.045923876
27554,,Non-ploidy,Non-ploidy,-0.020291587,0.009392204,0.010512459,0.0133404,-0.04879315,-0.009870825,0.008813959,0.01176612,0.006491304,-0.030853145,0.110376164,-0.002020414,0.008881871,5.99E-04,-0.012168087,-0.007323676,-0.048333816,0.013040902,-0.001244501,0.008085575,0.008353301,-0.004089988
30032,,Non-ploidy,Non-ploidy,0.011877276,0.0274795,0.035933267,0.035860505,0.03449415,0.032940976,0.02819439,0.041491896,0.028363233,0.018313007,0.014483627,0.008376848,0.014174,0.015915303,0.026637934,0.016491551,0.009164586,0.027928558,-0.001796816,0.028394194,0.018996263,0.005915101
27833,,Non-ploidy,Non-ploidy,-0.019302182,0.005519271,0.017620517,0.023372134,0.0228462,0.017538261,0.014399812,0.018663385,-5.40E-04,-0.002955148,-0.004221211,-0.012671975,-0.161392316,-0.00351281,7.43E-04,-0.002844411,-0.010244497,0.00996768,0.034352772,0.007587711,0.247194409,0.069817614
30036,,Non-ploidy,Non-ploidy,-0.007820453,0.019213174,0.027525265,0.036761649,0.285221785,0.019674161,0.030375466,0.030552459,0.003902289,0.004012011,0.008491482,-0.005785279,0.011602017,-0.005070955,-0.044026483,-0.007174306,-0.029412672,0.02341748,-0.028362381,-0.00824198,-0.010399226,-0.024254486
25130,,Non-ploidy,Non-ploidy,-0.002021319,0.001250561,0.001541683,0.007337479,0.002570163,-7.48E-04,0.001880579,0.004483322,-0.008689251,0.001862682,-0.003044418,-0.009053555,0.00467493,-0.005004936,-0.004518689,7.23E-04,-0.007315998,0.003883874,0.002231857,4.05E-04,0.005986591,-0.002839648
27071,,Non-ploidy,Non-ploidy,-0.002726723,-4.00E-04,3.66E-04,0.006960412,0.001034771,-0.001546075,3.74E-04,0.004948184,-3.91E-04,0.001832776,-0.001715165,-0.006048754,8.54E-04,-0.006027501,-0.006707683,0.00155059,-0.007191513,0.002432405,0.005464501,5.33E-04,0.008314206,0.001636367
25793,,Non-ploidy,Non-ploidy,-0.008207301,-0.007908454,-0.003686514,-0.003564717,-0.003927827,-0.006291037,0.004573095,0.011025817,-0.130625397,-0.004377146,0.080038525,-0.003374219,-0.011402786,0.100854799,-0.006696602,-0.010823786,-0.012961101,-0.008728876,-0.009471371,-0.008068882,-0.023317819,-0.01104417
27085,,Non-ploidy,Non-ploidy,-0.007749777,0.002295185,0.014869085,0.013894117,0.011383324,-0.003940707,0.008156247,0.063503396,0.003048749,-0.005453107,-0.009743998,-0.010677587,-0.007773957,-0.007067789,5.13E-04,-5.79E-04,-0.008228523,0.002176621,-0.018080563,0.005897058,-0.001594564,0.024649789
26609,,Non-ploidy,Non-ploidy,0.034316752,0.045352999,0.054782748,0.06335827,0.05524027,0.053991031,-0.408515304,0.057929059,0.040898234,0.040053021,0.032379631,0.036709752,0.047770031,0.037379861,0.038253326,0.028484836,0.024645656,0.046658494,0.008807706,0.035541844,0.037608391,0.025230504
24309,,Non-ploidy,Non-ploidy,0.08543212,0.011117024,0.015071414,-0.004567569,-0.279545903,0.011699134,0.005912577,0.130369231,-8.61E-04,0.006206236,-0.003400314,0.009500265,-0.029534694,0.001262394,0.008877332,-0.187887847,0.06062411,0.012535261,-0.017026059,0.002519338,0.178353682,-0.012321148
28581,,Non-ploidy,Non-ploidy,2.40E-04,-0.015509854,0.0027619,-0.051801907,-0.014318897,0.235645659,-0.030051418,-0.004760715,-0.024771906,-0.006134473,-0.003020167,-0.009337353,-0.044421874,-0.015201197,0.011944869,-0.00361936,-0.043457408,-0.011562956,-0.082429305,0.012369406,-0.072103329,-0.039067127
25246,,Non-ploidy,Non-ploidy,0.02803926,0.004495103,0.005425789,0.008768059,0.005554189,2.90E-04,0.004279634,0.007641274,0.002001537,-0.001543901,0.002180647,-0.002000119,0.006891069,-4.16E-04,-6.41E-04,9.32E-04,-0.005793354,0.009374845,-0.005856604,0.00177158,0.003054682,-0.007651888
24919,,Non-ploidy,Non-ploidy,-0.00405374,-0.001683814,-0.002589637,0.007169174,-2.70E-04,-0.002992513,0.00251711,0.003939522,-7.01E-04,-0.002346661,-0.002793181,-0.006595098,0.006061055,-0.005947253,-0.008554173,0.002706083,0.002271684,0.002058487,0.01502114,-1.69E-04,0.006797208,0.004806451
27585,,Non-ploidy,Non-ploidy,0.011474011,0.06538076,-0.1180695,0.076695912,0.067572214,0.044123203,-0.123071872,0.04825617,-0.290006012,0.025132851,0.027473371,0.019452262,-0.27769509,0.026129257,-0.004825695,0.035023756,0.025041608,0.037943717,0.017713473,0.04307704,0.039918626,0.064362802
26621,,Non-ploidy,Non-ploidy,0.001862853,0.008209118,-0.031165969,0.017324599,0.013451545,-0.059177049,0.033180801,0.017818814,-0.001011848,0.007042102,0.001078599,7.61E-04,0.006460471,0.002306152,0.008084564,0.001197791,-0.001265616,0.01138221,-0.014780834,0.009618583,0.008877897,0.00927657
24890,,Non-ploidy,Non-ploidy,0.002794131,0.004431092,0.0077415,0.014474591,0.009289088,0.003398682,0.0082941,0.011867962,0.006134954,0.00476273,0.002488326,8.21E-04,0.011631501,-7.54E-04,0.00129163,0.004720908,-0.00367138,0.009703187,0.003011319,0.004555773,0.01196427,0.001885335
26682,,Non-ploidy,Non-ploidy,0.016587819,0.030117996,0.034654219,0.04805807,0.037100177,0.035928603,-0.251487613,0.040729901,-0.046021301,0.022146172,0.022044204,-0.053919332,-0.184369639,0.022287975,0.019666132,0.022133538,0.003534578,0.038577883,-0.003690707,0.024092294,0.029288577,0.02399905
25344,,Non-ploidy,Non-ploidy,0.003474403,0.006787984,0.010432116,0.016013167,0.010181511,0.006113035,-0.282422721,0.010734146,0.007225225,0.007091741,0.004254569,-0.001239871,0.011506648,0.005250816,0.003125728,0.004230369,-0.007221013,0.01077355,-0.004617559,0.005493937,0.012120861,-0.006160526
27819,,Non-ploidy,Non-ploidy,-0.003719421,0.004142591,0.015753658,0.020974901,0.012288208,0.018075543,0.011956371,0.016527254,-0.050173625,-0.005755544,-0.00263523,-0.004635256,0.00420446,-0.004981998,0.004489374,0.003089883,0.004169248,0.005921885,-3.17E-04,0.016653964,0.003877461,0.021507863
27812,,Non-ploidy,Non-ploidy,0.098091111,0.006872511,0.011877058,-0.005394075,0.002666154,-4.53E-04,0.002207825,0.006630145,-0.002873709,0.008663225,5.89E-04,0.003039503,0.002278818,0.002436989,0.008539801,9.10E-04,-0.01164138,0.00983149,-0.026146606,0.008808932,-0.009917435,-0.010154036
26062,,Non-ploidy,Non-ploidy,-0.002364386,-3.11E-05,7.59E-04,0.01306456,0.012189038,0.010056561,0.004579374,0.022978755,-0.001036028,0.008149525,-0.002249834,-0.00504075,0.018579936,-0.004223678,-0.007964646,0.003576602,0.005553108,0.003652364,0.019028476,-0.001047083,0.013837882,0.01238321
29089,,Non-ploidy,Non-ploidy,-0.003181157,-9.07E-05,-0.00377194,0.010069218,0.001007095,-2.22E-05,0.002699588,0.002201271,-8.62E-04,4.49E-05,-0.002091379,-0.006888786,0.004847118,-0.005284599,-0.008330229,1.41E-04,-9.40E-04,0.001826024,0.01457301,-0.002539507,0.012376103,0.003000168
26726,High hyperdiploidy,HeH,HeH,-0.06565,-0.06848,-0.06521,0.234912,-0.06581,0.231946,-0.06207,-0.05926,-0.06472,0.223357,-0.06549,-0.06862,-0.06969,0.436723,-0.06328,-0.05817,0.223173,0.231249,-0.05569,-0.05258,0.233501,-0.04449
11669,Low hypodiploidy,HoTr,HoTr,0.097277358,-0.080320764,-0.078501884,-0.074062563,0.111271311,0.109744892,-0.076074235,0.113172509,-0.080441117,0.097891022,0.099517338,-0.08358898,-0.072070491,0.100498036,-0.082699049,-0.078243665,-0.084460445,0.115805373,0.075993374,-0.079835974,0.116394997,0.062856741
31044,HoTr by SNP,HoTr,HoTr,0.173581302,-0.084393386,-0.0848535,-0.076548658,-0.075374156,0.186080977,-0.082698859,0.193858691,-0.080233876,0.173438951,-0.077732749,-0.081012495,-0.069695629,0.169631332,-0.090184446,-0.08414533,-0.093669355,0.198462822,0.128951907,-0.081951443,0.195847422,0.115494572